Gender,AGE,Urea,Cr,HbA1c,Chol,TG,HDL,LDL,VLDL,BMI
0.940174755792013,-1.6243146124799859,-0.21272026046670384,-0.21354400687853403,-0.43265129503029665,0.2089630213190226,-0.806309937975563,1.072367805666615,0.09472048382173966,-0.3126174334891131,-0.30617962816242944
-1.0636320469566207,-0.42909095691493954,-0.42223817368166233,-0.28135834748476823,-1.1653765329349905,-0.1920118558937257,-0.9653855779127709,-0.20394848837675653,1.6584190333679152,-0.3417270003320976,-0.9053069725218157
0.940174755792013,0.9653366412442811,-0.10796130385922444,-0.46542584341597504,-0.595479125675784,0.2891579967615727,-0.7267721180069592,-0.6293872530578807,0.8765697585948273,-0.2835078666461286,-0.7055978577353536
0.940174755792013,-0.22988701432076525,-0.2650997387704435,-0.30073387337226365,-1.0432556599508753,0.048573070433923116,-1.044923397881375,-0.6293872530578807,1.6584190333679152,0.7353269728583285,-0.5058887429488915
0.940174755792013,0.06891889957049635,-0.21272026046670384,-0.23291953276602953,-0.39194433736892464,0.609937898531771,-0.6472342980383552,-0.41666787071731876,1.1697632366347357,-0.2835078666461286,-0.30617962816242944
0.940174755792013,1.1645405838384555,-0.6841355652003607,-0.45573808047222736,0.8699713501336037,-0.5127917576639244,-1.124461217849979,-0.8421066353984427,0.2901828025150114,-0.370836567175082,0.692365945769881
0.940174755792013,-0.6282948995091141,-0.7888945218078399,-0.18448071804729083,-1.1653765329349905,-0.5929867331064742,-0.9653855779127709,2.5614034820505482,1.1697632366347357,-0.1670695992741906,-1.105016087308278
0.940174755792013,-0.9271008134003756,-0.16034078216296413,-0.22323176982228182,-1.1653765329349905,0.2089630213190226,0.307219541584892,-0.20394848837675653,0.19245164316837568,-0.1379600324312061,-0.7055978577353536
0.940174755792013,-0.9271008134003756,-0.23890999961857354,-0.44605031752847957,-0.5140652103530405,2.4544223337104136,-0.6472342980383552,-0.6293872530578807,0.8765697585948273,-0.0797408987452371,-0.9053069725218157
-1.0636320469566207,-1.9231205263712479,-0.6841355652003607,-0.42667479164098415,-1.1246695752736189,0.2891579967615727,-0.6472342980383552,0.008770893963805051,0.6811074399015556,-0.3126174334891131,-0.9053069725218157
-1.0636320469566207,0.06891889957049635,0.10155660935573407,-0.24260729570977724,-0.7583069563212717,-0.11181688045117559,0.4662951815221,0.22149027630436727,0.5833762805549196,-0.1379600324312061,-1.105016087308278
0.940174755792013,-0.03068307172659075,-0.21272026046670384,-0.38792373986599327,-0.43265129503029665,0.2089630213190226,-0.806309937975563,1.072367805666615,0.09472048382173966,-0.3126174334891131,-0.5058887429488915
0.940174755792013,-1.5247126411828986,-0.4484279128335322,-0.048852036834822636,-0.3512373797075528,1.3316926775147184,1.4207490211453468,-0.8421066353984427,-0.5893976316047123,0.0658069354696853,-0.7055978577353536
-1.0636320469566207,0.46732678475884515,0.7824898273043494,-0.10697861449730904,0.8292643924722319,0.048573070433923116,0.386757361553496,-0.6293872530578807,-1.175784587684528,-0.1670695992741906,1.890620634488653
0.940174755792013,1.0649386125413685,1.149146175430527,1.0458651758086708,0.09653915456753766,0.048573070433923116,-0.4086208381325433,-0.8421066353984427,-0.687128790951348,0.03669736862670069,-0.10647051337596729
-1.0636320469566207,-0.03068307172659075,-0.6055663477447513,-0.40729926575348874,-0.3512373797075528,0.85052282485942,-0.17000737822673173,-0.9484663265687238,-1.1269190080112101,-0.2252887329601595,-0.7055978577353536
-1.0636320469566207,0.06891889957049635,0.022987391900124565,-0.3201093992597592,-0.3512373797075528,0.6901328739743211,-0.32908301816393953,0.43420965864492894,0.7788385992481912,-0.2543982998031441,-0.30617962816242944
0.940174755792013,-1.8235185550741606,-0.5269971302891417,-0.18448071804729083,-1.2874974059191062,-0.1920118558937257,-0.010931738289523636,-0.41666787071731876,-0.10074183487153236,3.7627219245287153,-0.7055978577353536
0.940174755792013,0.46732678475884515,0.31107452257069257,-0.12635414038480453,0.25936698521302537,0.4495479476466715,-0.09046955825812764,0.22149027630436727,-1.0780534283378922,-0.021521765059268106,2.4897479788480394
-1.0636320469566207,-1.9231205263712479,-0.6579458260484908,-0.31042163631601144,0.1779530698902816,1.0911077511870697,-0.24954519819533555,0.8596484233260533,0.9743009179414632,-0.2252887329601595,-1.105016087308278
-1.0636320469566207,-1.7239165837770731,-0.5269971302891417,-0.5623034728534523,-1.1653765329349905,-0.5929867331064742,-0.09046955825812764,2.5614034820505482,1.2674943959813711,-0.1670695992741906,-0.5058887429488915
-1.0636320469566207,0.6665307273530195,0.7563000881524796,0.057713355546402265,-0.4733582526916684,0.2089630213190226,-0.32908301816393953,0.22149027630436727,0.2901828025150114,-0.2543982998031441,1.690911519702191
0.940174755792013,0.46732678475884515,-0.42223817368166233,0.01896230377141136,-0.4733582526916684,-0.11181688045117559,0.6253708214593077,-1.2675454000795667,-0.0030106755248963477,-0.0797408987452371,0.29294771619695675
0.940174755792013,-0.8274988421032885,-0.474617651985402,-0.36854821397849774,-1.0432556599508753,-1.074156585761772,1.8979759409569705,0.22149027630436727,-0.687128790951348,-0.1379600324312061,-1.105016087308278
-1.0636320469566207,0.46732678475884515,0.8086795664562191,0.32897071797133864,0.5036087311812567,-0.4325967822213746,-0.24954519819533555,1.072367805666615,-0.687128790951348,-0.021521765059268106,0.892075060556343
-1.0636320469566207,-2.421130382856684,1.149146175430527,-0.49448913224721824,-1.1653765329349905,-0.1920118558937257,1.1025977412709314,-0.8421066353984427,-1.175784587684528,-0.2252887329601595,-0.9053069725218157
0.940174755792013,-1.0267027846974628,-0.16034078216296413,0.19334203675887046,-0.18840954906206517,-0.6731817085490236,-0.09046955825812764,-0.8421066353984427,-0.3939353129114401,-0.1961791661171751,-1.404579759487971
-1.0636320469566207,-0.22988701432076525,-0.0032023472517452357,-0.18448071804729083,-0.7175999986599,1.5722776038423674,-0.4881586581011474,-0.6293872530578807,2.3425371487943676,-0.2543982998031441,-0.7055978577353536
-1.0636320469566207,-1.6243146124799859,-0.7627047826559701,-0.37823597692224553,-0.3512373797075528,-0.2722068313362751,-0.5676964780697513,0.22149027630436727,0.09472048382173966,-0.2543982998031441,-0.5058887429488915
0.940174755792013,0.06891889957049635,-0.21272026046670384,-0.23291953276602953,-0.39194433736892464,0.609937898531771,-0.6472342980383552,-0.41666787071731876,1.1697632366347357,-0.2835078666461286,-1.5044343168812018
-1.0636320469566207,0.9653366412442811,-0.3698586953779227,-0.43636255458473183,2.0504731223133885,-0.4325967822213746,-0.806309937975563,2.3486840997099865,-1.3712469063778,-0.3126174334891131,2.4897479788480394
-1.0636320469566207,1.1645405838384555,4.815709656692301,3.051232105164451,0.055832196906165955,-0.1920118558937257,0.6253708214593077,-1.6929841647606907,0.19245164316837568,-0.0797408987452371,2.0104461033605308
0.940174755792013,-0.13028504302367805,-0.23890999961857354,-0.37823597692224553,-1.1653765329349905,-1.3147415120894212,-1.044923397881375,-0.6293872530578807,-0.88259110964462,-0.3417270003320976,-0.5058887429488915
-1.0636320469566207,-1.0267027846974628,-0.6841355652003607,-0.46542584341597504,-0.18840954906206517,0.1287680458764732,-0.6472342980383552,-0.20394848837675653,0.5833762805549196,-0.2835078666461286,-0.9053069725218157
0.940174755792013,0.5669287560559323,0.27440888775807487,-0.12635414038480453,1.6434035456996696,-0.833571659434123,0.8639842813651197,-0.6293872530578807,-1.175784587684528,6.004158571438521,3.3385117166905034
0.940174755792013,1.0649386125413685,0.15393608765947367,-0.49448913224721824,0.6664365618267444,1.0109127757445195,0.6253708214593077,-1.6929841647606907,0.4856451212082834,0.007587801783716294,1.091784175342805
0.940174755792013,0.5669287560559323,-0.21272026046670384,-0.25229505865352503,-0.3512373797075528,-0.7533766839915733,0.7049086414279117,0.6469290409854911,-1.6644403844177078,-0.050631331902252705,-0.5058887429488915
-1.0636320469566207,-0.5286929282120268,-0.4484279128335322,-0.42667479164098415,-1.1246695752736189,0.5297429230892217,-0.4881586581011474,-0.41666787071731876,0.9743009179414632,-0.2543982998031441,-1.105016087308278
-1.0636320469566207,-1.4251106698858116,-0.4484279128335322,-0.46542584341597504,-0.595479125675784,-0.5929867331064742,3.0115054205174263,-1.4802647824201287,1.7561501927145509,-0.1670695992741906,-0.9053069725218157
0.940174755792013,1.0649386125413685,-0.055581825555484736,-0.17479295510354312,1.7655244186837848,1.171302726629619,0.6253708214593077,-0.41666787071731876,1.2674943959813711,-0.0797408987452371,-0.10647051337596729
-1.0636320469566207,-0.03068307172659075,-0.6055663477447513,-0.40729926575348874,-0.3512373797075528,0.85052282485942,-0.17000737822673173,-0.9484663265687238,-1.1269190080112101,-0.2252887329601595,-1.105016087308278
0.940174755792013,-0.5286929282120268,-0.474617651985402,-0.11666637744105675,-0.7583069563212717,-0.6731817085490236,-0.4881586581011474,-0.20394848837675653,-0.49166647225807614,-0.2543982998031441,-0.5058887429488915
0.940174755792013,0.5669287560559323,-0.23890999961857354,-0.3201093992597592,2.1725939952975035,0.93071780030197,1.1025977412709314,-1.0548260177390048,1.0720320772880991,0.007587801783716294,-0.18635415929055188
0.940174755792013,1.0649386125413685,0.20631556596321346,-0.02947651094732724,2.213300952958876,-0.4325967822213746,-0.17000737822673173,-1.0548260177390048,0.09472048382173966,-0.1961791661171751,0.892075060556343
0.940174755792013,0.06891889957049635,-0.02939208640361504,0.10615217026514095,-0.595479125675784,-1.074156585761772,-0.24954519819533555,0.8596484233260533,-1.5667092250710721,-0.2252887329601595,-1.105016087308278
-1.0636320469566207,0.5669287560559323,-0.9984124350227985,-0.6010545246284432,-0.06628867607794957,0.2089630213190226,-1.2039990378185825,1.4978065703477386,0.09472048382173966,-0.1379600324312061,0.09323860141049464
0.940174755792013,-0.22988701432076525,0.5205924357856511,-0.010100985059831738,-1.0432556599508753,-0.1920118558937257,0.14814390164768396,-0.6293872530578807,-0.10074183487153236,-0.1670695992741906,-0.5058887429488915
0.940174755792013,0.5669287560559323,-0.3803345910386706,-0.5429279469659569,-0.025581718416577758,1.2675366971606787,1.1025977412709314,-0.35285205601515013,1.0720320772880991,6.6736786088271645,0.15914260929002685
-1.0636320469566207,0.06891889957049635,-0.42223817368166233,-0.29104611042851597,2.783198360218082,-0.11181688045117559,-0.09046955825812764,-0.41666787071731876,-0.0030106755248963477,-0.1961791661171751,0.4926568309834188
0.940174755792013,-0.32948898561785234,-0.9460329567190588,-0.31042163631601144,-0.595479125675784,-0.6731817085490236,-0.6472342980383552,-0.8421066353984427,-0.10074183487153236,-0.2835078666461286,-1.105016087308278
0.940174755792013,-1.9231205263712479,1.9872178282903612,0.9586753093149412,0.5036087311812567,0.3693529722041221,-0.806309937975563,1.2850871880071773,1.5606878740212788,-0.1670695992741906,-1.105016087308278
-1.0636320469566207,-1.6243146124799859,-0.08177156470735474,-0.23291953276602953,-0.7583069563212717,-0.2722068313362751,-0.4881586581011474,0.008770893963805051,-0.19847299421816847,-0.2835078666461286,-0.5058887429488915
0.940174755792013,0.06891889957049635,-0.5531868694410116,-0.26198282159727276,-0.3512373797075528,-0.4325967822213746,-0.010931738289523636,0.43420965864492894,-0.5893976316047123,-0.1961791661171751,-0.30617962816242944
0.940174755792013,0.5669287560559323,-0.13415104301109443,-0.15541742921604773,1.6841105033610415,0.5297429230892217,-0.17000737822673173,0.22149027630436727,0.5833762805549196,-0.1961791661171751,0.892075060556343
0.940174755792013,0.5669287560559323,-0.7627047826559701,-0.45573808047222736,1.9690592069906443,-0.5127917576639244,-1.2039990378185825,0.22149027630436727,-0.19847299421816847,-0.3999461340180665,0.692365945769881
0.940174755792013,0.5669287560559323,-0.23890999961857354,-0.30073387337226365,-0.025581718416577758,-0.9137666348766728,-0.32908301816393953,0.008770893963805051,-0.9803222689912559,-0.3417270003320976,0.29294771619695675
0.940174755792013,0.46732678475884515,1.2539051320380061,0.38709729563382506,1.2770409267473226,-0.11181688045117559,-0.6472342980383552,0.43420965864492894,-1.468978065724436,0.1240260691556542,2.0903297492751154
-1.0636320469566207,1.5629484690268043,-0.16034078216296413,0.10615217026514095,0.055832196906165955,-0.9137666348766728,-0.4086208381325433,-1.0548260177390048,-0.49166647225807614,-0.2543982998031441,-0.10647051337596729
0.940174755792013,0.6665307273530195,3.977638003832468,6.916649519719795,0.8699713501336037,0.048573070433923116,-0.09046955825812764,0.008770893963805051,-0.0030106755248963477,-0.1961791661171751,1.690911519702191
0.940174755792013,0.06891889957049635,-0.3436689562260529,-0.26198282159727276,-0.31053042204618114,-0.4325967822213746,0.22768172161628797,-0.41666787071731876,-0.687128790951348,-0.2543982998031441,-0.5058887429488915
0.940174755792013,-0.6282948995091141,-0.39604843452979266,-0.40729926575348874,-1.0432556599508753,0.1287680458764732,-0.17000737822673173,0.43420965864492894,0.09472048382173966,-0.2252887329601595,-1.105016087308278
0.940174755792013,0.46732678475884515,-0.6841355652003607,-0.44605031752847957,-0.3512373797075528,-1.3147415120894212,-0.7267721180069592,-0.41666787071731876,-1.0780534283378922,-0.3126174334891131,1.091784175342805
0.940174755792013,-0.5286929282120268,0.31107452257069257,-0.21354400687853403,-0.7990139139826434,0.2891579967615727,0.5458330014907037,1.710525952688301,-0.687128790951348,-0.1088504655882216,-1.105016087308278
-1.0636320469566207,-0.6282948995091141,-0.9198432175671891,-0.30073387337226365,-0.4733582526916684,0.1287680458764732,2.534278500705802,-0.6293872530578807,-0.7848599502979842,0.2404643365275922,-0.30617962816242944
-1.0636320469566207,-1.4251106698858116,-0.5269971302891417,-0.24260729570977724,-0.6361860833371561,-0.1920118558937257,-0.6472342980383552,-0.8421066353984427,-1.175784587684528,-0.1670695992741906,-0.5058887429488915
-1.0636320469566207,0.5669287560559323,0.022987391900124565,0.01896230377141136,0.13724611222890987,1.5722776038423674,1.0230599213023275,-0.6293872530578807,0.09472048382173966,-0.1088504655882216,1.291493290129267
-1.0636320469566207,-0.22988701432076525,-0.5008073911372718,-0.36854821397849774,-0.7583069563212717,0.1287680458764732,-0.4086208381325433,-0.41666787071731876,-0.10074183487153236,-0.2543982998031441,-0.9053069725218157
-1.0636320469566207,0.06891889957049635,-0.3174792170741829,-0.16510519215979544,-0.7583069563212717,-0.5127917576639244,-1.124461217849979,2.3486840997099865,-2.153096181150888,-0.3417270003320976,-0.5058887429488915
0.940174755792013,-1.6243146124799859,-0.6055663477447513,-0.09729085155356135,1.1549200537632067,-1.7157163893021696,-0.17000737822673173,-0.8421066353984427,-0.0030106755248963477,3.3551879887269327,-1.071065537794579
0.940174755792013,0.06891889957049635,-0.16034078216296413,-0.11666637744105675,-0.26982346438480903,-2.0364962910723685,-1.044923397881375,-1.2675454000795667,-1.468978065724436,-0.3417270003320976,-0.30617962816242944
0.940174755792013,0.7661326986501067,0.861059044759959,0.32897071797133864,-0.22911650672343717,-0.2722068313362751,1.4207490211453468,0.43420965864492894,-1.175784587684528,-0.021521765059268106,0.4926568309834188
0.940174755792013,1.0649386125413685,-0.16034078216296413,-0.30073387337226365,1.2770409267473226,-0.03162190500862619,-0.6472342980383552,-0.6293872530578807,0.4856451212082834,-0.2835078666461286,1.291493290129267
-1.0636320469566207,1.8617543829180658,0.022987391900124565,-0.14572966627229994,0.055832196906165955,0.3693529722041221,-0.32908301816393953,-0.8421066353984427,0.9743009179414632,-0.2252887329601595,2.0104461033605308
-1.0636320469566207,-1.6243146124799859,-0.7627047826559701,-0.37823597692224553,-0.3512373797075528,-0.2722068313362751,-0.5676964780697513,0.22149027630436727,0.09472048382173966,-0.2543982998031441,-1.5044343168812018
-1.0636320469566207,-1.0267027846974628,0.10155660935573407,-0.18448071804729083,-1.1653765329349905,-0.4325967822213746,-1.2039990378185825,-0.20394848837675653,0.09472048382173966,-0.370836567175082,-0.9053069725218157
-1.0636320469566207,0.46732678475884515,0.18012582681134345,0.19334203675887046,-0.5140652103530405,-0.1920118558937257,-0.09046955825812764,0.22149027630436727,-0.2962041535648041,-0.1961791661171751,-1.30472520209474
-1.0636320469566207,0.06891889957049635,-0.9460329567190588,-0.34917268809100227,-1.1653765329349905,-0.7533766839915733,-0.6472342980383552,-0.6293872530578807,-0.3939353129114401,-0.2835078666461286,-0.5058887429488915
-1.0636320469566207,-0.5286929282120268,-0.3436689562260529,-0.35886045103475006,-1.1653765329349905,0.85052282485942,-0.5676964780697513,0.43420965864492894,1.0720320772880991,-0.2835078666461286,-0.9053069725218157
0.940174755792013,0.865734669947194,-0.42223817368166233,-0.30073387337226365,0.4221948158585131,0.2891579967615727,-0.09046955825812764,0.008770893963805051,-1.0780534283378922,-0.1379600324312061,1.690911519702191
0.940174755792013,-0.6282948995091141,-0.8412740001115796,-0.44605031752847957,-0.7583069563212717,0.2089630213190226,-0.17000737822673173,-0.20394848837675653,0.4856451212082834,-0.2252887329601595,-1.105016087308278
0.940174755792013,0.06891889957049635,1.0443872188230476,1.1330550423024004,-0.595479125675784,-0.5929867331064742,3.0115054205174263,-1.4802647824201287,1.7561501927145509,-0.0797408987452371,-0.9053069725218157
0.940174755792013,-1.3255086985887243,-0.6055663477447513,-0.15541742921604773,-1.0839626176122468,0.2891579967615727,0.307219541584892,-0.6293872530578807,-0.5893976316047123,-0.2543982998031441,-1.30472520209474
-1.0636320469566207,0.06891889957049635,-0.055581825555484736,-0.32979716220350686,-0.9618417446281311,-1.074156585761772,-1.044923397881375,0.008770893963805051,-0.7848599502979842,-0.370836567175082,-0.7055978577353536
-1.0636320469566207,-0.42909095691493954,-0.23890999961857354,-0.5332401840222092,-0.8397208716440155,-0.5929867331064742,-1.124461217849979,0.22149027630436727,-0.2962041535648041,-0.370836567175082,-0.5058887429488915
0.940174755792013,0.9653366412442811,-0.23890999961857354,-0.27167058454102044,-1.1246695752736189,1.411887652957268,-1.2039990378185825,-0.20394848837675653,2.3425371487943676,-0.1379600324312061,-0.5058887429488915
-1.0636320469566207,0.5669287560559323,-0.18653052131483383,-0.22323176982228182,-1.2874974059191062,1.2514977020721685,-0.4086208381325433,0.43420965864492894,1.4629567146746432,-0.2543982998031441,1.491202404915729
-1.0636320469566207,-0.7278968708062012,-0.16034078216296413,-0.12635414038480453,-0.9618417446281311,1.3316926775147184,-0.885847757944167,-0.20394848837675653,2.049343670754459,-0.3417270003320976,-0.5058887429488915
0.940174755792013,0.06891889957049635,-0.16034078216296413,-0.11666637744105675,-0.26982346438480903,-2.0364962910723685,-1.044923397881375,-1.2675454000795667,-1.468978065724436,-0.3417270003320976,-0.5058887429488915
-1.0636320469566207,0.6665307273530195,-0.42223817368166233,-0.46542584341597504,0.34078090053576926,1.2514977020721685,0.14814390164768396,0.8596484233260533,1.0720320772880991,-0.1670695992741906,-0.10647051337596729
-1.0636320469566207,-0.42909095691493954,-0.8674637392634494,-0.6010545246284432,-1.1653765329349905,-1.3147415120894212,-0.885847757944167,-0.41666787071731876,-0.9803222689912559,-0.3417270003320976,-1.105016087308278
-1.0636320469566207,-1.6243146124799859,-0.6055663477447513,-0.3201093992597592,-1.1653765329349905,-0.4325967822213746,-0.806309937975563,-0.6293872530578807,0.19245164316837568,-0.1670695992741906,-1.105016087308278
-1.0636320469566207,0.06891889957049635,-0.6055663477447513,-0.15541742921604773,-0.7990139139826434,-0.6731817085490236,-0.9653855779127709,0.008770893963805051,0.19245164316837568,-0.2835078666461286,-0.5058887429488915
-1.0636320469566207,-0.22988701432076525,-0.6055663477447513,-0.3201093992597592,-0.595479125675784,-0.3524018067788252,-1.124461217849979,1.072367805666615,0.2901828025150114,-0.2543982998031441,-1.30472520209474
0.940174755792013,0.36772481346175795,0.07536687020386426,-0.18448071804729083,1.236333969085951,0.5297429230892217,-0.24954519819533555,-0.6293872530578807,1.0720320772880991,-0.2835078666461286,1.291493290129267
-1.0636320469566207,-0.13028504302367805,0.4944026966337814,-0.039164273891074936,-0.595479125675784,-1.074156585761772,-0.24954519819533555,0.8596484233260533,-1.5667092250710721,-0.2252887329601595,-0.7055978577353536
0.940174755792013,0.7661326986501067,0.20631556596321346,-0.10697861449730904,0.1779530698902816,1.2514977020721685,1.7389003010197626,0.008770893963805051,1.1697632366347357,0.0949165023126697,0.7123368572485275
-1.0636320469566207,0.46732678475884515,-0.474617651985402,-0.5235524210784614,1.602696588038298,-0.9137666348766728,-1.044923397881375,0.43420965864492894,-0.88259110964462,-0.021521765059268106,0.09323860141049464
0.940174755792013,1.7621524116209788,0.5729719140893907,0.12552769615263637,0.09653915456753766,-1.4751314629745205,-0.885847757944167,-0.8421066353984427,-1.0780534283378922,-0.3126174334891131,0.6184735732988899
0.940174755792013,0.865734669947194,3.977638003832468,6.916649519719795,0.9106783077949755,1.6524725792849169,0.6253708214593077,-0.20394848837675653,1.7561501927145509,-0.0797408987452371,1.291493290129267
-1.0636320469566207,-0.5286929282120268,-0.42223817368166233,-0.5235524210784614,-1.0432556599508753,0.609937898531771,-0.24954519819533555,-0.6293872530578807,1.0720320772880991,-0.1961791661171751,-0.30617962816242944
-1.0636320469566207,0.865734669947194,-0.6055663477447513,-0.5429279469659569,1.3584548420700662,1.411887652957268,0.22768172161628797,1.4978065703477386,-1.713305964091026,-0.1379600324312061,0.09323860141049464
-1.0636320469566207,-0.8274988421032885,-0.9460329567190588,-0.45573808047222736,-1.1653765329349905,-0.9137666348766728,-0.7267721180069592,1.072367805666615,-1.3712469063778,-0.3126174334891131,-1.105016087308278
-1.0636320469566207,-0.03068307172659075,-0.8936534784153192,-0.5623034728534523,-1.1246695752736189,0.3693529722041221,-0.6472342980383552,0.008770893963805051,0.7788385992481912,-0.2835078666461286,-0.5058887429488915
0.940174755792013,-1.9231205263712479,3.008617655213284,2.49902961737083,-0.3512373797075528,0.2891579967615727,-0.4086208381325433,1.072367805666615,-0.0030106755248963477,-0.2543982998031441,-1.105016087308278
0.940174755792013,-0.9271008134003756,4.291914873654905,0.7067934727775003,-0.595479125675784,-1.1543515612043218,-0.4086208381325433,-0.20394848837675653,-1.175784587684528,-0.2543982998031441,-0.5058887429488915
-1.0636320469566207,0.7661326986501067,-0.29128947792231324,-0.17479295510354312,0.8699713501336037,-0.03162190500862619,1.5798246610825546,-1.0548260177390048,-0.19847299421816847,0.0949165023126697,2.2900388640615774
-1.0636320469566207,1.8617543829180658,-0.3698586953779227,-0.43636255458473183,2.0504731223133885,-0.4325967822213746,-0.806309937975563,2.3486840997099865,-1.3712469063778,-0.3126174334891131,0.692365945769881
0.940174755792013,1.961356354215153,1.2277153928861366,0.9586753093149412,0.34078090053576926,0.2891579967615727,-0.17000737822673173,0.008770893963805051,0.4856451212082834,-0.2543982998031441,2.0903297492751154
-1.0636320469566207,0.5669287560559323,-0.3174792170741829,-0.49448913224721824,1.9690592069906443,0.3693529722041221,1.1025977412709314,0.6469290409854911,-0.3939353129114401,-0.021521765059268106,0.4926568309834188
0.940174755792013,0.5669287560559323,1.2277153928861366,1.0846162275836615,1.1549200537632067,-0.2722068313362751,1.341211201176743,0.8596484233260533,0.4856451212082834,-0.2252887329601595,1.091784175342805
0.940174755792013,-1.9231205263712479,-0.02939208640361504,-0.06822756272231814,-0.5140652103530405,-0.5127917576639244,-0.4086208381325433,-0.6293872530578807,0.7788385992481912,-0.2252887329601595,-0.40603418555566045
0.940174755792013,0.5669287560559323,-0.055581825555484736,-0.010100985059831738,1.1549200537632067,0.5297429230892217,-0.24954519819533555,0.22149027630436727,0.6811074399015556,-0.2252887329601595,0.692365945769881
-1.0636320469566207,0.16852087086758355,-0.8150842609597098,-0.49448913224721824,1.114213096101835,-1.2345465366468715,-1.124461217849979,0.22149027630436727,-1.175784587684528,-0.370836567175082,-0.10647051337596729
0.940174755792013,-1.5247126411828986,-0.4484279128335322,-0.048852036834822636,-0.3512373797075528,1.3316926775147184,1.4207490211453468,-0.8421066353984427,1.2674943959813711,0.0658069354696853,-0.7055978577353536
-1.0636320469566207,-0.5286929282120268,0.44202321833004166,0.44522387329631147,-1.0432556599508753,0.5297429230892217,-0.17000737822673173,2.774122864391111,0.4856451212082834,-0.2543982998031441,-1.105016087308278
-1.0636320469566207,-1.9231205263712479,-0.6841355652003607,-0.39761150280974095,-1.1246695752736189,0.2891579967615727,-0.6472342980383552,0.008770893963805051,0.6811074399015556,-0.3126174334891131,-0.9053069725218157
-1.0636320469566207,-0.7278968708062012,-0.9198432175671891,-0.39761150280974095,-0.7990139139826434,-1.2345465366468715,-0.806309937975563,-0.20394848837675653,-1.0780534283378922,-0.050631331902252705,-1.105016087308278
0.940174755792013,0.5669287560559323,-0.24938589527932142,-0.15541742921604773,0.25936698521302537,2.2138374073827647,-0.4086208381325433,0.008770893963805051,2.928924104874183,2.831215785553212,1.9125886371151637
0.940174755792013,-0.03068307172659075,-0.5531868694410116,-0.26198282159727276,-0.3512373797075528,-0.4325967822213746,-0.010931738289523636,0.43420965864492894,-0.5893976316047123,-0.1961791661171751,-0.5058887429488915
-1.0636320469566207,-1.9231205263712479,-0.5269971302891417,-0.24260729570977724,-0.595479125675784,1.5722776038423674,-0.24954519819533555,0.6469290409854911,1.6584190333679152,-0.2252887329601595,-0.5058887429488915
0.940174755792013,-0.9271008134003756,-0.5793766085928814,-0.21354400687853403,-0.4733582526916684,1.5722776038423674,1.341211201176743,-0.41666787071731876,1.365225555328007,0.03669736862670069,0.892075060556343
-1.0636320469566207,-0.03068307172659075,-0.8674637392634494,-0.32979716220350686,-0.7583069563212717,-1.1543515612043218,-0.6472342980383552,-0.41666787071731876,-0.0030106755248963477,-0.2543982998031441,-0.9053069725218157
-1.0636320469566207,0.6665307273530195,-0.9722226958709287,-0.6398055764034342,1.9690592069906443,0.7703278494168705,2.534278500705802,-0.6293872530578807,-1.175784587684528,-0.1088504655882216,1.291493290129267
-1.0636320469566207,1.1645405838384555,1.2800948711898763,0.24178085147760917,0.5443156888426284,-0.5929867331064742,0.7049086414279117,-0.6293872530578807,-0.7848599502979842,-0.0797408987452371,2.4897479788480394
0.940174755792013,0.7661326986501067,-0.21272026046670384,-0.13604190332855223,0.1779530698902816,-0.03162190500862619,-0.4086208381325433,1.923245335028863,-0.5893976316047123,-0.2543982998031441,1.491202404915729
-1.0636320469566207,0.5669287560559323,0.2586950442669529,0.7939833392712298,0.055832196906165955,-0.4325967822213746,0.14814390164768396,-0.41666787071731876,-0.49166647225807614,-0.1670695992741906,1.291493290129267
0.940174755792013,-0.8274988421032885,0.07536687020386426,-0.23291953276602953,-0.39194433736892464,0.1287680458764732,2.534278500705802,-0.6293872530578807,-0.7848599502979842,0.2404643365275922,-1.105016087308278
-1.0636320469566207,-1.8235185550741606,-0.3174792170741829,-0.30073387337226365,-1.0839626176122468,-0.7533766839915733,-1.124461217849979,1.072367805666615,-0.88259110964462,-0.370836567175082,-0.7055978577353536
0.940174755792013,0.5669287560559323,0.389643740026302,-0.13604190332855223,2.1725939952975035,1.8930575056125665,1.8979759409569705,0.22149027630436727,-1.0780534283378922,-0.1670695992741906,-0.10647051337596729
-1.0636320469566207,0.7661326986501067,-0.39604843452979266,-0.15541742921604773,0.9920922231177195,0.609937898531771,0.9435221013337235,-0.41666787071731876,-1.0780534283378922,-0.0797408987452371,0.4926568309834188
-1.0636320469566207,-0.5286929282120268,-0.3174792170741829,-0.29104611042851597,-1.0839626176122468,-0.9137666348766728,-0.6472342980383552,0.22149027630436727,-0.9803222689912559,-0.2835078666461286,-1.105016087308278
-1.0636320469566207,0.16852087086758355,-0.8150842609597098,-0.39761150280974095,0.21866002755165367,0.5297429230892217,2.2161272208313867,-0.41666787071731876,-1.517843645397754,0.1822452028416233,0.4926568309834188
-1.0636320469566207,-1.6243146124799859,-0.9984124350227985,-0.5332401840222092,0.21866002755165367,-0.6731817085490236,-0.7267721180069592,0.8596484233260533,-0.9803222689912559,-0.3126174334891131,0.991929617949574
0.940174755792013,0.36772481346175795,2.4324433938721484,2.334337647327119,1.6841105033610415,1.0911077511870697,5.238564379638335,-0.41666787071731876,0.4856451212082834,0.531560004957437,1.291493290129267
0.940174755792013,0.06891889957049635,0.049177131051994366,-0.24260729570977724,-1.1653765329349905,-2.0364962910723685,-0.7267721180069592,0.22149027630436727,0.4856451212082834,-0.2252887329601595,-1.105016087308278
0.940174755792013,0.46732678475884515,1.1229564362786573,0.7067934727775003,0.7885574348108603,0.5297429230892217,-0.4086208381325433,-0.41666787071731876,0.9743009179414632,-0.2543982998031441,0.09323860141049464
0.940174755792013,-1.6243146124799859,-0.9460329567190588,-0.31042163631601144,-0.595479125675784,-0.6731817085490236,-0.6472342980383552,-0.8421066353984427,-0.10074183487153236,-0.2835078666461286,-0.9053069725218157
-1.0636320469566207,0.06891889957049635,-0.5531868694410116,-0.45573808047222736,-1.1653765329349905,-0.4325967822213746,-0.4881586581011474,0.008770893963805051,-0.2962041535648041,-0.2543982998031441,-0.5058887429488915
0.940174755792013,-0.8274988421032885,-0.3698586953779227,0.12552769615263637,-1.1653765329349905,-1.394936487531971,0.6253708214593077,-0.8421066353984427,1.2674943959813711,-0.0797408987452371,-0.9053069725218157
0.940174755792013,-0.5286929282120268,-0.6579458260484908,-0.35886045103475006,-1.1653765329349905,0.2891579967615727,-0.32908301816393953,0.43420965864492894,0.2901828025150114,-0.2252887329601595,-0.5058887429488915
-1.0636320469566207,0.9653366412442811,-0.23890999961857354,-0.27167058454102044,-1.1246695752736189,-0.03162190500862619,-0.24954519819533555,1.2850871880071773,-0.687128790951348,-0.0797408987452371,-0.8054524151285846
0.940174755792013,1.4633464977297173,0.8348693056080893,0.19334203675887046,0.5443156888426284,-0.5929867331064742,0.7049086414279117,-0.6293872530578807,-0.7848599502979842,-0.0797408987452371,0.692365945769881
-1.0636320469566207,-0.13028504302367805,-0.7365150435041004,-0.30073387337226365,-0.7583069563212717,-0.7533766839915733,-1.2039990378185825,1.923245335028863,-1.2735157470311642,-0.3999461340180665,-0.6057433003421225
0.940174755792013,0.7661326986501067,-0.2650997387704435,2.7509114539082717,-0.025581718416577758,-0.4325967822213746,3.0910432404860297,2.774122864391111,0.9743009179414632,-0.1379600324312061,2.0903297492751154
-1.0636320469566207,-0.42909095691493954,-0.2650997387704435,-0.31042163631601144,-0.7175999986599,-0.2722068313362751,-0.32908301816393953,0.008770893963805051,-0.2962041535648041,-0.2252887329601595,-0.7055978577353536
-1.0636320469566207,-0.9271008134003756,-0.9198432175671891,-0.32979716220350686,-0.39194433736892464,-1.9563013156298183,0.14814390164768396,-0.6293872530578807,0.2901828025150114,-0.1088504655882216,0.692365945769881
0.940174755792013,-0.22988701432076525,-0.42223817368166233,-0.39761150280974095,-1.0839626176122468,-0.4325967822213746,-0.6472342980383552,-0.6293872530578807,0.09472048382173966,-0.1670695992741906,-0.7055978577353536
0.940174755792013,0.5669287560559323,5.444263396337177,1.3752491158960938,0.09653915456753766,-0.3524018067788252,-0.17000737822673173,0.22149027630436727,-0.49166647225807614,-0.1961791661171751,0.09323860141049464
-1.0636320469566207,1.961356354215153,2.327684437264669,1.5205655600523096,1.480575715054182,0.609937898531771,1.341211201176743,0.43420965864492894,-0.19847299421816847,0.03669736862670069,1.091784175342805
-1.0636320469566207,-1.6243146124799859,-0.7627047826559701,-0.37823597692224553,-0.7583069563212717,-0.2722068313362751,-0.5676964780697513,0.22149027630436727,0.09472048382173966,-0.2543982998031441,-0.5058887429488915
0.940174755792013,-0.03068307172659075,-0.474617651985402,-0.25229505865352503,-0.7583069563212717,0.1287680458764732,-0.24954519819533555,-1.0548260177390048,0.7788385992481912,-0.2252887329601595,-0.5058887429488915
-1.0636320469566207,-0.03068307172659075,2.0657870457459704,0.8617976798774639,-0.7175999986599,-3.2394209227106137,-0.17000737822673173,0.22149027630436727,0.2901828025150114,-0.2252887329601595,-0.5058887429488915
0.940174755792013,0.06891889957049635,-0.23890999961857354,-0.3201093992597592,-0.31053042204618114,-0.2722068313362751,0.06860608167908026,-0.8421066353984427,-0.0030106755248963477,-0.1961791661171751,-0.30617962816242944
-1.0636320469566207,-0.03068307172659075,-0.474617651985402,-0.30073387337226365,-1.1653765329349905,-0.11181688045117559,-0.9653855779127709,-0.41666787071731876,-1.175784587684528,-0.3417270003320976,-0.7055978577353536
-1.0636320469566207,-0.6282948995091141,-0.42223817368166233,-0.31042163631601144,-1.0432556599508753,-0.3524018067788252,-0.806309937975563,0.008770893963805051,-0.10074183487153236,-0.0797408987452371,-0.40603418555566045
0.940174755792013,0.5669287560559323,-0.16034078216296413,-0.09729085155356135,1.3584548420700662,0.85052282485942,1.9775137609255742,-0.8421066353984427,0.3879139618616474,8.798676988365033,1.4712314934370827
0.940174755792013,1.8617543829180658,0.46821295748191166,0.11583993320888866,2.4575426989271074,3.4167620390210107,1.8979759409569705,-0.20394848837675653,3.0266552642208184,0.1531356359986387,0.4926568309834188
0.940174755792013,0.26812284216467075,1.4110435669492252,-0.5816789987409478,0.5850226465040008,1.8128625301700163,1.2616733812081393,-0.6293872530578807,-0.7848599502979842,0.007587801783716294,0.4926568309834188
0.940174755792013,0.5669287560559323,-0.13415104301109443,-0.24260729570977724,1.480575715054182,0.048573070433923116,-0.4881586581011474,-0.8421066353984427,-0.3939353129114401,-0.2835078666461286,0.692365945769881
-1.0636320469566207,0.5669287560559323,-0.9198432175671891,-0.610742287572191,1.2607581436827742,-0.3524018067788252,1.659362481051159,0.008770893963805051,-1.0780534283378922,-0.0797408987452371,0.4926568309834188
-1.0636320469566207,0.9653366412442811,-0.23890999961857354,-0.30073387337226365,0.055832196906165955,-0.9137666348766728,-0.24954519819533555,-0.20394848837675653,-0.687128790951348,-0.2252887329601595,-0.10647051337596729
0.940174755792013,1.2641425551355425,0.18012582681134345,-0.039164273891074936,-0.06628867607794957,0.609937898531771,-0.09046955825812764,-0.41666787071731876,0.9743009179414632,-0.1961791661171751,0.7123368572485275
0.940174755792013,1.0649386125413685,-0.7627047826559701,-0.49448913224721824,0.8699713501336037,-0.11181688045117559,-0.09046955825812764,-1.2675454000795667,0.4856451212082834,-0.1961791661171751,0.09323860141049464
0.940174755792013,2.3597642394035017,0.12774634850760377,-0.02947651094732724,2.09118007997476,0.3693529722041221,0.9435221013337235,0.22149027630436727,-0.10074183487153236,-0.021521765059268106,1.291493290129267
-1.0636320469566207,-0.03068307172659075,-0.8936534784153192,-0.610742287572191,-1.1653765329349905,1.6524725792849169,1.341211201176743,-0.41666787071731876,1.5606878740212788,0.03669736862670069,-0.7055978577353536
0.940174755792013,-0.03068307172659075,0.022987391900124565,-0.11666637744105675,-0.8804278293053872,0.5297429230892217,-0.806309937975563,-0.6293872530578807,-1.0780534283378922,-0.2543982998031441,-1.105016087308278
-1.0636320469566207,1.0649386125413685,-0.21272026046670384,-0.40729926575348874,0.46290177351988476,-0.833571659434123,-0.24954519819533555,0.43420965864492894,-1.0780534283378922,-0.2252887329601595,0.09323860141049464
-1.0636320469566207,-1.4251106698858116,-0.6055663477447513,-0.40729926575348874,-0.7583069563212717,-0.3524018067788252,-0.17000737822673173,5.96491359949954,-1.175784587684528,-0.2543982998031441,-0.7055978577353536
0.940174755792013,2.7581721245918507,-0.16034078216296413,0.19334203675887046,-0.595479125675784,-3.640395799923362,0.5458330014907037,-0.8421066353984427,-0.687128790951348,-0.2543982998031441,-1.5044343168812018
-1.0636320469566207,-1.3255086985887243,0.4944026966337814,-0.039164273891074936,0.4221948158585131,0.7703278494168705,0.307219541584892,-1.0548260177390048,1.5606878740212788,-0.2835078666461286,-0.5058887429488915
0.940174755792013,0.5669287560559323,-0.10796130385922444,-0.18448071804729083,0.25936698521302537,1.0911077511870697,-0.09046955825812764,-0.8421066353984427,1.6584190333679152,-0.1961791661171751,0.4926568309834188
0.940174755792013,0.865734669947194,-0.10796130385922444,-0.22323176982228182,0.25936698521302537,-0.7533766839915733,2.375202860768594,-0.6293872530578807,-0.0030106755248963477,-0.1961791661171751,0.692365945769881
-1.0636320469566207,0.6665307273530195,-0.8674637392634494,-0.6204300505159387,1.3584548420700662,1.0109127757445195,-0.09046955825812764,-0.20394848837675653,-0.687128790951348,-0.1961791661171751,0.09323860141049464
-1.0636320469566207,-1.9231205263712479,0.022987391900124565,-0.3201093992597592,-0.3512373797075528,0.6901328739743211,-0.32908301816393953,0.43420965864492894,0.7788385992481912,-0.2543982998031441,-0.9053069725218157
0.940174755792013,0.36772481346175795,0.4944026966337814,1.3946246417835892,1.9283522493292728,3.6573469653486583,-0.4881586581011474,0.43420965864492894,-0.3939353129114401,1.5795044113048788,0.09323860141049464
-1.0636320469566207,0.9653366412442811,0.10155660935573407,-0.5623034728534523,3.149560979170429,1.2514977020721685,1.8184381209883669,0.008770893963805051,-1.175784587684528,0.1240260691556542,0.4926568309834188
0.940174755792013,0.46732678475884515,0.18012582681134345,0.009274540827663661,0.5443156888426284,-1.7959113647447194,-1.124461217849979,-0.8421066353984427,-1.2735157470311642,-0.370836567175082,0.4926568309834188
-1.0636320469566207,-0.03068307172659075,-0.2650997387704435,-0.25229505865352503,-0.31053042204618114,0.2089630213190226,-0.5676964780697513,-1.0548260177390048,1.365225555328007,0.03669736862670069,-0.30617962816242944
0.940174755792013,-0.9271008134003756,0.389643740026302,-0.11666637744105675,0.25936698521302537,-0.11181688045117559,-0.5676964780697513,0.22149027630436727,-0.0030106755248963477,2.4527914165944136,0.35286045063289556
0.940174755792013,0.46732678475884515,-0.16034078216296413,0.01896230377141136,-0.025581718416577758,1.7326675547274668,1.2616733812081393,-0.6293872530578807,0.3879139618616474,0.03669736862670069,1.091784175342805
0.940174755792013,0.6665307273530195,-0.2650997387704435,-0.30073387337226365,1.602696588038298,-0.9137666348766728,-0.09046955825812764,-1.0548260177390048,-0.49166647225807614,-0.2252887329601595,1.291493290129267
0.940174755792013,-0.22988701432076525,-0.39604843452979266,0.009274540827663661,-0.26982346438480903,-0.6731817085490236,-0.24954519819533555,-0.41666787071731876,-0.49166647225807614,-0.2252887329601595,-0.7055978577353536
-1.0636320469566207,-1.0267027846974628,-0.6841355652003607,-0.38792373986599327,-0.18840954906206517,0.1287680458764732,-0.6472342980383552,-0.20394848837675653,0.5833762805549196,-0.2835078666461286,-0.5058887429488915
-1.0636320469566207,-1.4251106698858116,-0.16034078216296413,-0.06822756272231814,0.1779530698902816,1.3316926775147184,-0.09046955825812764,0.43420965864492894,-1.5667092250710721,-0.0797408987452371,0.09323860141049464
-1.0636320469566207,0.36772481346175795,1.2277153928861366,-0.02947651094732724,1.6434035456996696,2.133642431940215,1.0230599213023275,1.2850871880071773,1.5606878740212788,-0.1670695992741906,1.690911519702191
-1.0636320469566207,0.9653366412442811,-0.6579458260484908,-0.19416848099103862,2.009766164652017,-1.1543515612043218,0.06860608167908026,2.5614034820505482,0.2901828025150114,-0.1670695992741906,0.892075060556343
-1.0636320469566207,-1.1263047559945503,-0.9460329567190588,-0.6398055764034342,-0.7175999986599,-1.2345465366468715,-0.7267721180069592,-1.2675454000795667,-0.49166647225807614,-0.3126174334891131,-1.105016087308278
0.940174755792013,0.7661326986501067,-1.181740609085887,-0.5719912357972,2.213300952958876,-1.1543515612043218,-0.4086208381325433,1.072367805666615,-1.517843645397754,-0.021521765059268106,2.0903297492751154
0.940174755792013,1.0649386125413685,3.977638003832468,6.916649519719795,0.8699713501336037,-1.7959113647447194,-0.806309937975563,-0.6293872530578807,-1.5667092250710721,-0.3126174334891131,1.291493290129267
0.940174755792013,1.0649386125413685,0.20631556596321346,-0.02947651094732724,2.213300952958876,-0.4325967822213746,-0.17000737822673173,-1.0548260177390048,0.09472048382173966,-0.1961791661171751,0.4926568309834188
0.940174755792013,0.7661326986501067,0.46821295748191166,-0.4169870286972365,0.8699713501336037,-0.5127917576639244,-0.5676964780697513,-1.0548260177390048,0.09472048382173966,-0.2835078666461286,-0.10647051337596729
-1.0636320469566207,0.06891889957049635,0.18012582681134345,0.01896230377141136,-1.1653765329349905,-0.03162190500862619,-0.7267721180069592,1.2850871880071773,1.5606878740212788,-0.1088504655882216,-0.9053069725218157
-1.0636320469566207,-1.4251106698858116,0.9134385230636985,0.27084414030885234,0.13724611222890987,0.85052282485942,-0.5676964780697513,0.43420965864492894,1.0720320772880991,-0.2835078666461286,-1.30472520209474
0.940174755792013,0.46732678475884515,-0.42223817368166233,-0.09729085155356135,0.951385265456347,0.93071780030197,1.659362481051159,-0.6293872530578807,0.6811074399015556,0.0949165023126697,0.692365945769881
0.940174755792013,0.5669287560559323,-0.631756086896621,-0.29104611042851597,0.46290177351988476,-0.4325967822213746,0.386757361553496,0.008770893963805051,-0.7848599502979842,0.03669736862670069,0.692365945769881
0.940174755792013,0.26812284216467075,0.5729719140893907,2.2180844920021463,0.34078090053576926,-0.833571659434123,-0.6472342980383552,-0.41666787071731876,-0.88259110964462,-0.050631331902252705,1.291493290129267
0.940174755792013,0.5669287560559323,-0.2650997387704435,-0.31042163631601144,-0.025581718416577758,0.2891579967615727,0.06860608167908026,-1.0548260177390048,0.7788385992481912,-0.1670695992741906,0.09323860141049464
0.940174755792013,-1.8235185550741606,-0.5793766085928814,-0.30073387337226365,-0.4733582526916684,0.2891579967615727,-0.4086208381325433,-0.41666787071731876,0.6811074399015556,-0.2543982998031441,-0.5058887429488915
-1.0636320469566207,0.06891889957049635,-0.23890999961857354,-0.38792373986599327,-0.7990139139826434,-0.2722068313362751,-0.9653855779127709,2.5614034820505482,-1.0780534283378922,-0.3126174334891131,-0.5058887429488915
-1.0636320469566207,1.36374452643263,0.5991616532412607,-0.058539799778570434,0.46290177351988476,0.1287680458764732,-0.4881586581011474,1.4978065703477386,-0.5893976316047123,-0.021521765059268106,1.291493290129267
-1.0636320469566207,-0.8274988421032885,-0.5793766085928814,-0.36854821397849774,-1.1653765329349905,-0.11181688045117559,-0.4086208381325433,-0.8421066353984427,0.4856451212082834,-0.2543982998031441,-0.7055978577353536
0.940174755792013,1.5629484690268043,-0.16034078216296413,0.10615217026514095,0.055832196906165955,-0.1920118558937257,1.7389003010197626,0.43420965864492894,-0.9803222689912559,0.1240260691556542,0.09323860141049464
-1.0636320469566207,0.46732678475884515,-0.3436689562260529,-0.40729926575348874,0.3000739428743971,0.6901328739743211,-0.09046955825812764,-0.41666787071731876,0.9743009179414632,-0.1961791661171751,0.692365945769881
0.940174755792013,0.06891889957049635,-0.02939208640361504,-0.11666637744105675,-0.7583069563212717,-0.7533766839915733,-0.806309937975563,-0.41666787071731876,-0.3939353129114401,-0.3126174334891131,-1.105016087308278
0.940174755792013,-2.3215284115595964,0.4944026966337814,-0.06822756272231814,0.7885574348108603,-0.833571659434123,-0.09046955825812764,1.710525952688301,-1.5667092250710721,-0.3126174334891131,0.29294771619695675
0.940174755792013,1.36374452643263,0.2586950442669529,0.19334203675887046,-1.0432556599508753,0.2089630213190226,-0.32908301816393953,-0.20394848837675653,0.4856451212082834,-0.2543982998031441,-1.30472520209474
-1.0636320469566207,1.961356354215153,0.12774634850760377,-0.35886045103475006,0.5443156888426284,2.7752022354806125,2.1365894008627824,0.22149027630436727,2.2448059894477312,0.1822452028416233,1.491202404915729
0.940174755792013,-1.1263047559945503,0.12774634850760377,-0.02947651094732724,-0.595479125675784,-0.03162190500862619,-0.32908301816393953,-0.6293872530578807,0.2901828025150114,-0.2252887329601595,-0.38606327407701396
0.940174755792013,0.36772481346175795,-0.10796130385922444,-0.26198282159727276,0.381487858197141,0.2891579967615727,-0.010931738289523636,-0.6293872530578807,0.6811074399015556,-0.1961791661171751,1.291493290129267
-1.0636320469566207,-0.13028504302367805,-0.0032023472517452357,-0.06822756272231814,-0.22911650672343717,-0.2722068313362751,-0.7267721180069592,2.774122864391111,0.19245164316837568,-0.050631331902252705,0.09323860141049464
0.940174755792013,0.5669287560559323,-0.631756086896621,-0.35886045103475006,-0.06628867607794957,0.048573070433923116,-0.7267721180069592,0.22149027630436727,0.2901828025150114,-0.3126174334891131,0.7323077687271733
